Model,Precision,Recall,F1,PR-AUC,ROC-AUC
random_forest,0.9416666666666667,0.8692307692307693,0.904,0.9768130574106488,0.9750000000000001
logistic_regression,0.905511811023622,0.8846153846153846,0.8949416342412451,0.9506250715298996,0.9673372781065088
gradient_boosting,0.8211920529801324,0.9538461538461539,0.8825622775800712,0.9671663288236277,0.9665680473372781
multinomial_nb,1.0,0.7615384615384615,0.8646288209606987,0.9757492610035541,0.9723076923076923
linear_svc,0.6194690265486725,0.5384615384615384,0.5761316872427983,0.6713664861260555,0.6557988165680474
dummy_stratified,0.46511627906976744,0.46153846153846156,0.46332046332046334,0.48389982110912344,0.46538461538461545
